{"cameraMode":{"drawMode":0,"name":"Shaded","section":"Shading Mode"},"sceneLighting":true,"audioPlay":false,"sceneViewState":{"m_AlwaysRefresh":false,"showFog":true,"showSkybox":true,"showFlares":true,"showImageEffects":true,"showParticleSystems":true,"showVisualEffectGraphs":true,"m_FxEnabled":true},"in2DMode":false,"pivot":{"x":13.892650604248047,"y":1.8788613080978394,"z":-0.5048309564590454},"rotation":{"x":0.011617889627814293,"y":-0.9899746775627136,"z":0.11416848003864289,"w":0.09170833975076676},"size":2.2914366722106935,"orthographic":false}